{
  "mean": [
    46506.33875315545,
    0.0,
    0.0,
    0.0,
    4.257474626813616e-09,
    0.2857142857142857,
    0.033474776049033476
  ],
  "std": [
    10656.813672860028,
    0.7071067727994804,
    0.7071067727994804,
    0.7071067815409221,
    0.7071067732100162,
    0.451753951437899,
    0.1798727756342102
  ],
  "eps": 1e-08
}