{
  "mean": 46525.89777384433,
  "std": 10647.523940326226,
  "eps": 1e-08
}